[{"aggregate": "Intended","dimension": "iHaas School of Business","value": 100},
{"aggregate": "Intended","dimension": "iCollege of Environmental Design","value": 219},
{"aggregate": "Intended","dimension": "iCollege of Natural Resources","value": 476},
{"aggregate": "Intended","dimension": "iCollege of Chemistry","value": 247},
{"aggregate": "Intended","dimension": "iCollege of Engineering","value": 758},
{"aggregate": "Intended","dimension": "iL and S Math and Physical Sciences","value": 431},
{"aggregate": "Intended","dimension": "iL and S Bio Sciences","value": 852},
{"aggregate": "Intended","dimension": "iL and S Social Sciences","value": 1166},
{"aggregate": "Intended","dimension": "iL and S Arts and Humanities","value": 841},
{"aggregate": "Intended","dimension": "iL and S Undergraduate Division","value": 388},
{"aggregate": "Intended","dimension": "iL and S Administered Programs","value": 255},
{"aggregate": "Intended","dimension": "iL and S Undeclared","value": 1838},
{"aggregate": "Intended","dimension": "iNo Intended Major","value": 17},
{"aggregate": "Declared","dimension": "dHaas School of Business","value": 307},
{"aggregate": "Declared","dimension": "dCollege of Environmental Design","value": 245},
{"aggregate": "Declared","dimension": "dCollege of Natural Resources","value": 510},
{"aggregate": "Declared","dimension": "dCollege of Chemistry","value": 285},
{"aggregate": "Declared","dimension": "dCollege of Engineering","value": 809},
{"aggregate": "Declared","dimension": "dL and S Math and Physical Sciences","value": 391},
{"aggregate": "Declared","dimension": "dL and S Bio Sciences","value": 707},
{"aggregate": "Declared","dimension": "dL and S Social Sciences","value": 1752},
{"aggregate": "Declared","dimension": "dL and S Arts and Humanities","value": 991},
{"aggregate": "Declared","dimension": "dL and S Undergraduate Division","value": 798},
{"aggregate": "Declared","dimension": "dL and S Administered Programs","value": 605},
{"aggregate": "Declared","dimension": "dNo Declared Major","value": 188},
{"aggregate": "Degree","dimension": "gHaas School of Business","value": 328},
{"aggregate": "Degree","dimension": "gCollege of Environmental Design","value": 180},
{"aggregate": "Degree","dimension": "gCollege of Natural Resources","value": 447},
{"aggregate": "Degree","dimension": "gCollege of Chemistry","value": 187},
{"aggregate": "Degree","dimension": "gCollege of Engineering","value": 712},
{"aggregate": "Degree","dimension": "gL and S Math and Physical Sciences","value": 426},
{"aggregate": "Degree","dimension": "gL and S Bio Sciences","value": 774},
{"aggregate": "Degree","dimension": "gL and S Social Sciences","value": 1664},
{"aggregate": "Degree","dimension": "gL and S Arts and Humanities","value": 921},
{"aggregate": "Degree","dimension": "gL and S Undergraduate Division","value": 814},
{"aggregate": "Degree","dimension": "gL and S Administered Programs","value": 602},
{"aggregate": "Degree","dimension": "gNo Degree","value": 533}]